{"initial_reset_timestamp": 1588203646.636097, "timestamps": [1588203652.8508105], "episode_lengths": [135], "episode_rewards": [-0.07718120805366735], "episode_types": ["t", "t"]}